{
  "energyUsage":{
    "hoe":0.3,
    "wateringCan":0.1,
    "seedbag":0.2
  },
  "crops":{
    "cabbage":{
      "seasons":["spring", "autumn"],
      "growthPerDay":[12.0,20.0],
      "numGrowthStages":2
    }
  },

  "appearence": {
    "hair": {
      "straight": {
        "name": "Straight",
        "unlockedAtStart": true
      }
    },

    "tops": {
      "ilovefarmingshirt": {
        "name": "I <3 Farming Shirt",
        "unlockedAtStart": true
      },
      "blueilovefarmingshirt": {
        "name": "Blue I <3 Farming Shirt",
        "unlockedAtStart": true
      }
    },

    "skinColours": [
      [26, 50, 255],
      [26, 84, 255],
      [26, 84, 186],
      [26, 109, 145],
      [26, 123, 125],
      [26, 123, 93],
      [26, 125, 74],
      [26, 174, 42]
    ],

    "hairColours": [
      [23, 255, 120],
      [23, 181, 182],
      [23, 173, 229],
      [31, 153, 234],
      [31, 176, 255],
      [21, 237, 241],
      [21, 40, 51],
      [0, 0, 192],
      [214, 178, 220],
      [94, 230, 252],
      [135, 255, 241]
    ],

    "eyeColours": [
      [157, 214, 199],
      [170, 214, 199],
      [115, 186, 158],
      [73, 150, 143],
      [51, 150, 90],
      [73, 150, 143],
      [0, 0, 255],
      [255, 219, 255]
    ],

    "eyes": {
      "cute": {
        "name": "Cute",
        "unlockedAtStart": true
      }
    },

    "eyebrows": {
      "thin": {
        "name": "Thin",
        "unlockedAtStart": true
      },
      "bushy": {
        "name": "Bushy",
        "unlockedAtStart": true
      }
    },

    "noses": {
      "small": {
        "name": "Small",
        "unlockedAtStart": true
      },
      "button": {
        "name": "Button",
        "unlockedAtStart": true
      }
    },

    "mouths": {
      "kind_smile": {
        "name": "Kind Smile",
        "unlockedAtStart": true
      },
      "grumpy": {
        "name": "Grumpy",
        "unlockedAtStart": true
      }
    },

    "faceDetail": {
      "beautymark": {
        "name": "Beauty Mark",
        "unlockedAtStart": true
      },
      "freckles": {
        "name": "Freckles",
        "unlockedAtStart": true
      }
    }
  }
}