{
  "itemTypes": {
    "wateringcan-level1": {
      "ID": "wateringcan-level1",
      "DisplayName": "Beginner's Watering Can",
      "Description": "This cute little container will help you carry water to all your thirsty plant friends.",
      "Category": "Tools",
      "StackSize": 1,
      "CanPickup": true,
      "Attributes": {
        "energyConsumptionModifier":1.0
      },
      "Script": "WateringCan"
    },
    "hoe-level1": {
      "ID": "hoe-level1",
      "DisplayName": "Beginner's Hoe",
      "Category": "Tools",
      "StackSize": 1,
      "CanPickup": true,
      "Description": "For tilling the ground ready for sowing seeds. It's simple but effective.",
      "Attributes": {
        "energyConsumptionModifier":1.0
      },
      "Script": "Hoe"
    }
  }
}