{
    "itemTypes": {
        "turnip_seeds": {
            "ID": "turnip_seeds",
            "Appearance": "seedbag",
            "DisplayName": "Turnip Seeds",
            "Description": "Sow in tilled soil to grow turnips.\n\nGrows best in Autumn and Winter.\n\nDelicious in a stew!",
            "Category": "Seed",
            "StackSize": 32,
            "CanPickup": true,
            "Attributes": {}
        },

        "cabbage_seeds": {
            "ID": "cabbage_seeds",
            "Appearance": "seedbag",
            "DisplayName": "Cabbage Seeds",
            "Description": "Sow in tilled soil to grow cabbage.\n\nGrows best in Spring and Winter\n\nLovely when braised.",
            "Category": "Seed",
            "StackSize": 32,
            "CanPickup": true,
            "Attributes": {"type":"cabbage"},
            "Script": "Seedbag"
        },
        "cabbage": {
            "ID": "cabbage",
            "DisplayName": "Cabbage",
            "Description": "Brassica brassica brassica brassica brassica brassica brassica",
            "Category": "Produce",
            "StackSize": 32,
            "CanPickup": true,
            "Attributes": {"energy_increase":0.2},
            "Script": "Consumable"
        }

    }
}